{
    "elapsed_time": 14.924499526000545,
    "num_requests": 50,
    "total_num_tokens": 32000,
    "requests_per_second": 3.3501960928668377,
    "tokens_per_second": 2144.1254994347764
}